{"cameraMode":{"drawMode":0,"name":"Shaded","section":"Shading Mode"},"sceneLighting":true,"audioPlay":false,"sceneViewState":{"m_AlwaysRefresh":false,"showFog":true,"showSkybox":true,"showFlares":true,"showImageEffects":true,"showParticleSystems":true,"showVisualEffectGraphs":true,"m_FxEnabled":true},"in2DMode":false,"pivot":{"x":-2.8517608642578127,"y":2.1509766578674318,"z":-6.458565711975098},"rotation":{"x":-0.0011648198124021292,"y":0.9982408881187439,"z":-0.05545930936932564,"w":-0.020966218784451486},"size":3.013700485229492,"orthographic":false}